{
  "random_forest": {
    "model": "Random Forest",
    "accuracy": 0.9814,
    "precision": 0.7932,
    "recall": 0.8907,
    "f1_score": 0.8391,
    "confusion_matrix": [
      [
        12558,
        170
      ],
      [
        80,
        652
      ]
    ],
    "classification_report": {
      "0": {
        "precision": 0.9936698844753917,
        "recall": 0.9866436203645506,
        "f1-score": 0.9901442876291099,
        "support": 12728.0
      },
      "1": {
        "precision": 0.7931873479318735,
        "recall": 0.8907103825136612,
        "f1-score": 0.8391248391248392,
        "support": 732.0
      },
      "accuracy": 0.9814264487369985,
      "macro avg": {
        "precision": 0.8934286162036327,
        "recall": 0.9386770014391059,
        "f1-score": 0.9146345633769746,
        "support": 13460.0
      },
      "weighted avg": {
        "precision": 0.9827669708981365,
        "recall": 0.9814264487369985,
        "f1-score": 0.9819313428813294,
        "support": 13460.0
      }
    }
  },
  "xgboost": {
    "model": "XGBoost",
    "accuracy": 0.9768,
    "precision": 0.7288,
    "recall": 0.9139,
    "f1_score": 0.8109,
    "confusion_matrix": [
      [
        12479,
        249
      ],
      [
        63,
        669
      ]
    ],
    "classification_report": {
      "0": {
        "precision": 0.9949768776909583,
        "recall": 0.9804368321810182,
        "f1-score": 0.9876533438860309,
        "support": 12728.0
      },
      "1": {
        "precision": 0.7287581699346405,
        "recall": 0.9139344262295082,
        "f1-score": 0.8109090909090909,
        "support": 732.0
      },
      "accuracy": 0.9768202080237741,
      "macro avg": {
        "precision": 0.8618675238127994,
        "recall": 0.9471856292052632,
        "f1-score": 0.8992812173975608,
        "support": 13460.0
      },
      "weighted avg": {
        "precision": 0.9804990103746415,
        "recall": 0.9768202080237741,
        "f1-score": 0.9780413978846104,
        "support": 13460.0
      }
    }
  },
  "best_model": "Random Forest"
}